[{
  "_id": {
    "$oid": "671d5c378c7a9f8c5940ab93"
  },
  "name": "John",
  "email": "john@example.com",
  "username": "johndoe123",
  "password": "$2a$10$sqTVNp5CQoddH3EGpf0H0OTPTnv2n8hcP/nQ3MTj31AA7mDgg/4ee",
  "profile": "expert",
  "skill": "671d621f2c9169f3675c3780"
},
{
  "_id": {
    "$oid": "671d6a98c14485a9d17fd199"
  },
  "name": "John Doe",
  "email": "john.doe@example.com",
  "username": "johndoe1231",
  "password": "$2a$10$TzxeSKscErdDPbR/KiPFdOSLgCJVyRU5cR0bkwg6anT.cbHyPkZ.6",
  "profile": "expert",
  "skill": {
    "$oid": "671d621f2c9169f3675c378b"
  }
},
{
  "_id": {
    "$oid": "671d6aa0c14485a9d17fd19b"
  },
  "name": "John Do",
  "email": "john.do@example.com",
  "username": "johndoe12",
  "password": "$2a$10$/BxGJdSdhuqouSVDYIzLXevopXymZ2pxbz1BimmUTpEYawHoM3ayO",
  "profile": "expert",
  "skill": {
    "$oid": "671d621f2c9169f3675c378a"
  }
},
{
  "_id": {
    "$oid": "671d6aa6c14485a9d17fd19d"
  },
  "name": "John D",
  "email": "john.d@example.com",
  "username": "johndoe1",
  "password": "$2a$10$LB4Bukx3YB7.wAGETYgVXO8BAR0GEOChALrkFuxd9H/AddVHXAH5O",
  "profile": "expert",
  "skill": {
    "$oid": "671d621f2c9169f3675c3788"
  }
},
{
  "_id": {
    "$oid": "671d6aafc14485a9d17fd19f"
  },
  "name": "Joh",
  "email": "joh@example.com",
  "username": "johndoe",
  "password": "$2a$10$hbUGW1b88oXTZgIy0JslYuN9GdmPDkj.9KKLT7qrnflWCUlL4Sygi",
  "profile": "expert",
  "skill": {
    "$oid": "671d621f2c9169f3675c378e"
  }
},
{
  "_id": {
    "$oid": "671d74beadef4eabf64ca11e"
  },
  "name": "Jane",
  "email": "jane@example.com",
  "username": "janedoe",
  "password": "$2a$10$n9TEHz98jiudH4ZcV5q9ReRV.hwCKOgW32QDE9Xub4.brBDN6Sogy",
  "profile": "trainer",
  "skill": {
    "$oid": "671d621f2c9169f3675c3780"
  }
},
{
  "_id": {
    "$oid": "671d74dfadef4eabf64ca120"
  },
  "name": "Mike",
  "email": "mike@example.com",
  "username": "michael123",
  "password": "$2a$10$8VNnEkpvjeXchXSee/xkReDyA3mY.Muf8NeAHTT/484xxXpVEN6tm",
  "profile": "trainer",
  "skill": {
    "$oid": "671d621f2c9169f3675c3780"
  }
},
{
  "_id": {
    "$oid": "671d74f4adef4eabf64ca122"
  },
  "name": "Sara",
  "email": "sara@example.com",
  "username": "sarap",
  "password": "$2a$10$9KYl29i/YS3EuHryGeZBeu5dcY5ZZl.jfTZuVPcBBHYaj8gMsDtRK",
  "profile": "trainer",
  "skill": {
    "$oid": "671d621f2c9169f3675c3780"
  }
},
{
  "_id": {
    "$oid": "671d750aadef4eabf64ca124"
  },
  "name": "Chris",
  "email": "chris@example.com",
  "username": "chris_rock",
  "password": "$2a$10$Xr4rQfoLFU9wRbnvR4qboelMUuQJPZUgB3tiaScEahqcwr/hKXDne",
  "profile": "trainer",
  "skill": {
    "$oid": "671d621f2c9169f3675c3780"
  }
},
{
  "_id": {
    "$oid": "671d7522adef4eabf64ca126"
  },
  "name": "Laura",
  "email": "laura@example.com",
  "username": "lauralee",
  "password": "$2a$10$MlZk4BCMew/VYrfkmgHo1uf.xiIL4RaDWcnwA.0HjIi5mo7pirXh6",
  "profile": "trainer",
  "skill": {
    "$oid": "671d621f2c9169f3675c3780"
  }
},
{
  "_id": {
    "$oid": "671d754cadef4eabf64ca129"
  },
  "name": "David",
  "email": "david@example.com",
  "username": "dave99",
  "password": "$2a$10$1NlMFBA96i80IdV/f4NZ4.z.NuSugjvWzyEphoY7i9katVQnxFGLO",
  "profile": "competitor",
  "skill": {
    "$oid": "671d621f2c9169f3675c3781"
  }
},
{
  "_id": {
    "$oid": "671d755badef4eabf64ca12b"
  },
  "name": "Emily",
  "email": "emily@example.com",
  "username": "em_the_pro",
  "password": "$2a$10$.xnoCI26m2PKYOK7dDOTfeB5XpdGOErrXvpe/yUau3J9D1/OrpNPm",
  "profile": "competitor",
  "skill": {
    "$oid": "671d621f2c9169f3675c3781"
  }
},
{
  "_id": {
    "$oid": "671d7569adef4eabf64ca12d"
  },
  "name": "Kevin",
  "email": "kevin@example.com",
  "username": "kevin789",
  "password": "$2a$10$EkgzOYqKSbLpCbYYeyeBJOiPbz.yM/MzxFoyPfspAB8m9VpVgYd5G",
  "profile": "competitor",
  "skill": {
    "$oid": "671d621f2c9169f3675c3781"
  }
},
{
  "_id": {
    "$oid": "671d7578adef4eabf64ca12f"
  },
  "name": "Alice",
  "email": "alice@example.com",
  "username": "alicein",
  "password": "$2a$10$4TrUquJeSnKHtveYOM1k/u/62E7iwxoATvrl8/fjqeESODPjf5/De",
  "profile": "competitor",
  "skill": {
    "$oid": "671d621f2c9169f3675c3781"
  }
},
{
  "_id": {
    "$oid": "671d7588adef4eabf64ca131"
  },
  "name": "Tom",
  "email": "tom@example.com",
  "username": "tommy_tom",
  "password": "$2a$10$ImX8h2hddFmg4.LWKJHdJefKwdjxadon2GV8Jd/RW99GvOQWl2KrS",
  "profile": "competitor",
  "skill": {
    "$oid": "671d621f2c9169f3675c3781"
  }
},
{
  "_id": {
    "$oid": "671d75aeadef4eabf64ca133"
  },
  "name": "Olivia",
  "email": "olivia@example.com",
  "username": "livvy_oliv",
  "password": "$2a$10$zYWmIAtbVckoRJL.wlUev.0SJEWjN/gTILFA6AN/2Ry5Ekct05ByG",
  "profile": "expert",
  "skill": {
    "$oid": "671d621f2c9169f3675c3782"
  }
},
{
  "_id": {
    "$oid": "671d75bfadef4eabf64ca135"
  },
  "name": "George",
  "email": "george@example.com",
  "username": "george_x",
  "password": "$2a$10$GYSlu8nor.VORYtXpA3rluy6myLjX2gHsCwaAfxCg.MxUqqzSXQn2",
  "profile": "expert",
  "skill": {
    "$oid": "671d621f2c9169f3675c3782"
  }
},
{
  "_id": {
    "$oid": "671d75ceadef4eabf64ca137"
  },
  "name": "Sophia",
  "email": "sophia@example.com",
  "username": "sophie_s",
  "password": "$2a$10$HJLpT/LyoK6u2EUuz3M9zOPB.cQNoLRwKjBAJieBXUT3t1QkVmWkq",
  "profile": "expert",
  "skill": {
    "$oid": "671d621f2c9169f3675c3782"
  }
},
{
  "_id": {
    "$oid": "671d75dbadef4eabf64ca139"
  },
  "name": "John",
  "email": "johnny@example.com",
  "username": "johnnyboy",
  "password": "$2a$10$TM6oDUvaaMDGJrNUClqDQe2pOQXwcUV7jRqWEZ5IqMfxhIYUw70j.",
  "profile": "expert",
  "skill": {
    "$oid": "671d621f2c9169f3675c3782"
  }
},
{
  "_id": {
    "$oid": "671d75efadef4eabf64ca13b"
  },
  "name": "Isabella",
  "email": "isabella@example.com",
  "username": "bella_isa",
  "password": "$2a$10$Z3Umrx5WyZds1T/vf0Lv1emppnrXrwLAE7zNKN7uLv.i.tATZDrTq",
  "profile": "expert",
  "skill": {
    "$oid": "671d621f2c9169f3675c3782"
  }
}]