[{
  "_id": {
    "$oid": "671d621f2c9169f3675c3780"
  },
  "skill_name": "Javascript"
},
{
  "_id": {
    "$oid": "671d621f2c9169f3675c3781"
  },
  "skill_name": "PHP"
},
{
  "_id": {
    "$oid": "671d621f2c9169f3675c3782"
  },
  "skill_name": "Go"
},
{
  "_id": {
    "$oid": "671d621f2c9169f3675c3783"
  },
  "skill_name": " C#"
},
{
  "_id": {
    "$oid": "671d621f2c9169f3675c3784"
  },
  "skill_name": "Express JS"
},
{
  "_id": {
    "$oid": "671d621f2c9169f3675c3785"
  },
  "skill_name": "Laravel"
},
{
  "_id": {
    "$oid": "671d621f2c9169f3675c3786"
  },
  "skill_name": "Symfony"
},
{
  "_id": {
    "$oid": "671d621f2c9169f3675c3787"
  },
  "skill_name": "Go Gin"
},
{
  "_id": {
    "$oid": "671d621f2c9169f3675c3788"
  },
  "skill_name": "Python"
},
{
  "_id": {
    "$oid": "671d621f2c9169f3675c3789"
  },
  "skill_name": "Django"
},
{
  "_id": {
    "$oid": "671d621f2c9169f3675c378a"
  },
  "skill_name": "C#"
},
{
  "_id": {
    "$oid": "671d621f2c9169f3675c378b"
  },
  "skill_name": "Asp.net"
},
{
  "_id": {
    "$oid": "671d621f2c9169f3675c378c"
  },
  "skill_name": "MySQL"
},
{
  "_id": {
    "$oid": "671d621f2c9169f3675c378d"
  },
  "skill_name": "Postgres"
},
{
  "_id": {
    "$oid": "671d621f2c9169f3675c378e"
  },
  "skill_name": "MongoDB"
}]