[{
  "_id": {
    "$oid": "671d5c848c7a9f8c5940ab9e"
  },
  "skill": {
    "$oid": "671d621f2c9169f3675c3789"
  },
  "title": "Advanced JavaScript",
  "description": "An intensive workshop on advanced JavaScript concepts, including closures, async programming, and memory optimization.",
  "startdate": {
    "$date": "2024-10-01T08:00:00.000Z"
  },
  "enddate": {
    "$date": "2024-10-01T17:00:00.000Z"
  },
  "participants": [
    {
      "$oid": "671d6a98c14485a9d17fd199"
    },
    {
      "$oid": "671d6aa0c14485a9d17fd19b"
    },
    {
      "$oid": "671d6aa6c14485a9d17fd19d"
    },
    {
      "$oid": "671d6aafc14485a9d17fd19f"
    }
  ]
},
{
  "_id": {
    "$oid": "671d771601b121ece1f988ee"
  },
  "skill": {
    "$oid": "671d621f2c9169f3675c3780"
  },
  "title": "Advanced JavaScript Training",
  "description": "An intensive workshop on advanced JavaScript concepts, including closures, async programming, and memory optimization.",
  "startdate": {
    "$date": "2024-09-21T08:00:00.000Z"
  },
  "enddate": {
    "$date": "2024-10-01T17:00:00.000Z"
  },
  "participants": [
    {
      "$oid": "671d5c378c7a9f8c5940ab93"
    },
    {
      "$oid": "671bfe00d3d4ee450efe264b"
    }
  ]
},
{
  "_id": {
    "$oid": "671d773b01b121ece1f988f0"
  },
  "skill": {
    "$oid": "671d621f2c9169f3675c3780"
  },
  "title": "Advanced JavaScript Training",
  "description": "An intensive workshop on advanced JavaScript concepts, including closures, async programming, and memory optimization.",
  "startdate": {
    "$date": "2024-10-01T08:00:00.000Z"
  },
  "enddate": {
    "$date": "2024-10-01T17:00:00.000Z"
  },
  "participants": [
    {
      "$oid": "671d5c378c7a9f8c5940ab93"
    },
    {
      "$oid": "671bfe00d3d4ee450efe264b"
    }
  ]
},
{
  "_id": {
    "$oid": "671d775e01b121ece1f988f2"
  },
  "skill": {
    "$oid": "671d621f2c9169f3675c3780"
  },
  "title": "Advanced JavaScript Training",
  "description": "An intensive workshop on advanced JavaScript concepts, including closures, async programming, and memory optimization.",
  "startdate": {
    "$date": "2024-10-01T08:00:00.000Z"
  },
  "enddate": {
    "$date": "2024-10-01T17:00:00.000Z"
  },
  "participants": [
    {
      "$oid": "671d75efadef4eabf64ca13b"
    },
    {
      "$oid": "671d75dbadef4eabf64ca139"
    }
  ]
},
{
  "_id": {
    "$oid": "671d778101b121ece1f988f4"
  },
  "skill": {
    "$oid": "671d621f2c9169f3675c3780"
  },
  "title": "Advanced JavaScript Training",
  "description": "An intensive workshop on advanced JavaScript concepts, including closures, async programming, and memory optimization.",
  "startdate": {
    "$date": "2024-11-01T08:00:00.000Z"
  },
  "enddate": {
    "$date": "2024-11-01T17:00:00.000Z"
  },
  "participants": [
    {
      "$oid": "671d75ceadef4eabf64ca137"
    },
    {
      "$oid": "671d75bfadef4eabf64ca135"
    }
  ]
},
{
  "_id": {
    "$oid": "671d779d01b121ece1f988f6"
  },
  "skill": {
    "$oid": "671d621f2c9169f3675c3780"
  },
  "title": "Advanced JavaScript Training",
  "description": "An intensive workshop on advanced JavaScript concepts, including closures, async programming, and memory optimization.",
  "startdate": {
    "$date": "2024-11-01T08:00:00.000Z"
  },
  "enddate": {
    "$date": "2024-11-01T17:00:00.000Z"
  },
  "participants": [
    {
      "$oid": "671d75aeadef4eabf64ca133"
    },
    {
      "$oid": "671d7588adef4eabf64ca131"
    }
  ]
},
{
  "_id": {
    "$oid": "671d77b901b121ece1f988f8"
  },
  "skill": {
    "$oid": "671d621f2c9169f3675c3780"
  },
  "title": "Advanced JavaScript Training",
  "description": "An intensive workshop on advanced JavaScript concepts, including closures, async programming, and memory optimization.",
  "startdate": {
    "$date": "2024-12-01T08:00:00.000Z"
  },
  "enddate": {
    "$date": "2024-12-01T17:00:00.000Z"
  },
  "participants": [
    {
      "$oid": "671d7578adef4eabf64ca12f"
    },
    {
      "$oid": "671d7569adef4eabf64ca12d"
    }
  ]
},
{
  "_id": {
    "$oid": "671d77cf01b121ece1f988fa"
  },
  "skill": {
    "$oid": "671d621f2c9169f3675c3780"
  },
  "title": "Advanced JavaScript Training",
  "description": "An intensive workshop on advanced JavaScript concepts, including closures, async programming, and memory optimization.",
  "startdate": {
    "$date": "2024-12-01T08:00:00.000Z"
  },
  "enddate": {
    "$date": "2024-12-01T17:00:00.000Z"
  },
  "participants": [
    {
      "$oid": "671d755badef4eabf64ca12b"
    },
    {
      "$oid": "671d754cadef4eabf64ca129"
    }
  ]
},
{
  "_id": {
    "$oid": "671d781501b121ece1f988fd"
  },
  "skill": {
    "$oid": "671d621f2c9169f3675c3780"
  },
  "title": "Advanced JavaScript Training",
  "description": "An intensive workshop on advanced JavaScript concepts, including closures, async programming, and memory optimization.",
  "startdate": {
    "$date": "2024-12-01T08:00:00.000Z"
  },
  "enddate": {
    "$date": "2024-12-01T17:00:00.000Z"
  },
  "participants": [
    {
      "$oid": "671d7522adef4eabf64ca126"
    },
    {
      "$oid": "671d750aadef4eabf64ca124"
    }
  ]
},
{
  "_id": {
    "$oid": "671d782b01b121ece1f988ff"
  },
  "skill": {
    "$oid": "671d621f2c9169f3675c3780"
  },
  "title": "Advanced JavaScript Training",
  "description": "An intensive workshop on advanced JavaScript concepts, including closures, async programming, and memory optimization.",
  "startdate": {
    "$date": "2024-12-02T08:00:00.000Z"
  },
  "enddate": {
    "$date": "2024-12-02T17:00:00.000Z"
  },
  "participants": [
    {
      "$oid": "671d7522adef4eabf64ca126"
    },
    {
      "$oid": "671d750aadef4eabf64ca124"
    }
  ]
},
{
  "_id": {
    "$oid": "671d784a01b121ece1f98901"
  },
  "skill": {
    "$oid": "671d621f2c9169f3675c3780"
  },
  "title": "Advanced JavaScript Training",
  "description": "An intensive workshop on advanced JavaScript concepts, including closures, async programming, and memory optimization.",
  "startdate": {
    "$date": "2024-12-02T08:00:00.000Z"
  },
  "enddate": {
    "$date": "2024-12-02T17:00:00.000Z"
  },
  "participants": [
    {
      "$oid": "671d74f4adef4eabf64ca122"
    },
    {
      "$oid": "671d74dfadef4eabf64ca120"
    }
  ]
},
{
  "_id": {
    "$oid": "671d786b01b121ece1f98903"
  },
  "skill": {
    "$oid": "671d621f2c9169f3675c3780"
  },
  "title": "Advanced JavaScript Training",
  "description": "An intensive workshop on advanced JavaScript concepts, including closures, async programming, and memory optimization.",
  "startdate": {
    "$date": "2024-12-02T08:00:00.000Z"
  },
  "enddate": {
    "$date": "2024-12-02T17:00:00.000Z"
  },
  "participants": [
    {
      "$oid": "671d74beadef4eabf64ca11e"
    },
    {
      "$oid": "671d6aafc14485a9d17fd19f"
    }
  ]
},
{
  "_id": {
    "$oid": "671d788701b121ece1f98905"
  },
  "skill": {
    "$oid": "671d621f2c9169f3675c3780"
  },
  "title": "Advanced JavaScript Training",
  "description": "An intensive workshop on advanced JavaScript concepts, including closures, async programming, and memory optimization.",
  "startdate": {
    "$date": "2024-12-02T08:00:00.000Z"
  },
  "enddate": {
    "$date": "2024-12-02T17:00:00.000Z"
  },
  "participants": [
    {
      "$oid": "671d6aa6c14485a9d17fd19d"
    },
    {
      "$oid": "671d6aa0c14485a9d17fd19b"
    }
  ]
},
{
  "_id": {
    "$oid": "671d78a201b121ece1f98907"
  },
  "skill": {
    "$oid": "671d621f2c9169f3675c3780"
  },
  "title": "Advanced JavaScript Training",
  "description": "An intensive workshop on advanced JavaScript concepts, including closures, async programming, and memory optimization.",
  "startdate": {
    "$date": "2024-12-03T08:00:00.000Z"
  },
  "enddate": {
    "$date": "2024-12-03T17:00:00.000Z"
  },
  "participants": [
    {
      "$oid": "671d6aa6c14485a9d17fd19d"
    },
    {
      "$oid": "671d6aa0c14485a9d17fd19b"
    }
  ]
},
{
  "_id": {
    "$oid": "671d78a901b121ece1f98909"
  },
  "skill": {
    "$oid": "671d621f2c9169f3675c3780"
  },
  "title": "Advanced JavaScript Training",
  "description": "An intensive workshop on advanced JavaScript concepts, including closures, async programming, and memory optimization.",
  "startdate": {
    "$date": "2024-12-04T08:00:00.000Z"
  },
  "enddate": {
    "$date": "2024-12-04T17:00:00.000Z"
  },
  "participants": [
    {
      "$oid": "671d6aa6c14485a9d17fd19d"
    },
    {
      "$oid": "671d6aa0c14485a9d17fd19b"
    }
  ]
},
{
  "_id": {
    "$oid": "671d78af01b121ece1f9890b"
  },
  "skill": {
    "$oid": "671d621f2c9169f3675c3780"
  },
  "title": "Advanced JavaScript Training",
  "description": "An intensive workshop on advanced JavaScript concepts, including closures, async programming, and memory optimization.",
  "startdate": {
    "$date": "2024-12-05T08:00:00.000Z"
  },
  "enddate": {
    "$date": "2024-12-05T17:00:00.000Z"
  },
  "participants": [
    {
      "$oid": "671d6aa6c14485a9d17fd19d"
    },
    {
      "$oid": "671d6aa0c14485a9d17fd19b"
    }
  ]
},
{
  "_id": {
    "$oid": "671d78b601b121ece1f9890d"
  },
  "skill": {
    "$oid": "671d621f2c9169f3675c3780"
  },
  "title": "Advanced JavaScript Training",
  "description": "An intensive workshop on advanced JavaScript concepts, including closures, async programming, and memory optimization.",
  "startdate": {
    "$date": "2024-12-06T08:00:00.000Z"
  },
  "enddate": {
    "$date": "2024-12-06T17:00:00.000Z"
  },
  "participants": [
    {
      "$oid": "671d6aa6c14485a9d17fd19d"
    },
    {
      "$oid": "671d6aa0c14485a9d17fd19b"
    }
  ]
},
{
  "_id": {
    "$oid": "671d78bc01b121ece1f9890f"
  },
  "skill": {
    "$oid": "671d621f2c9169f3675c3780"
  },
  "title": "Advanced JavaScript Training",
  "description": "An intensive workshop on advanced JavaScript concepts, including closures, async programming, and memory optimization.",
  "startdate": {
    "$date": "2024-12-07T08:00:00.000Z"
  },
  "enddate": {
    "$date": "2024-12-07T17:00:00.000Z"
  },
  "participants": [
    {
      "$oid": "671d6aa6c14485a9d17fd19d"
    },
    {
      "$oid": "671d6aa0c14485a9d17fd19b"
    }
  ]
},
{
  "_id": {
    "$oid": "671d78c501b121ece1f98911"
  },
  "skill": {
    "$oid": "671d621f2c9169f3675c3780"
  },
  "title": "Advanced JavaScript Training",
  "description": "An intensive workshop on advanced JavaScript concepts, including closures, async programming, and memory optimization.",
  "startdate": {
    "$date": "2024-12-08T08:00:00.000Z"
  },
  "enddate": {
    "$date": "2024-12-08T17:00:00.000Z"
  },
  "participants": [
    {
      "$oid": "671d6aa6c14485a9d17fd19d"
    },
    {
      "$oid": "671d6aa0c14485a9d17fd19b"
    }
  ]
},
{
  "_id": {
    "$oid": "671d78db01b121ece1f98913"
  },
  "skill": {
    "$oid": "671d621f2c9169f3675c3780"
  },
  "title": "Advanced JavaScript Training",
  "description": "An intensive workshop on advanced JavaScript concepts, including closures, async programming, and memory optimization.",
  "startdate": {
    "$date": "2024-12-12T08:00:00.000Z"
  },
  "enddate": {
    "$date": "2024-12-12T17:00:00.000Z"
  },
  "participants": [
    {
      "$oid": "671d7522adef4eabf64ca126"
    },
    {
      "$oid": "671d750aadef4eabf64ca124"
    }
  ]
},
{
  "_id": {
    "$oid": "671d78e001b121ece1f98915"
  },
  "skill": {
    "$oid": "671d621f2c9169f3675c3780"
  },
  "title": "Advanced JavaScript Training",
  "description": "An intensive workshop on advanced JavaScript concepts, including closures, async programming, and memory optimization.",
  "startdate": {
    "$date": "2024-12-13T08:00:00.000Z"
  },
  "enddate": {
    "$date": "2024-12-13T17:00:00.000Z"
  },
  "participants": [
    {
      "$oid": "671d7522adef4eabf64ca126"
    },
    {
      "$oid": "671d750aadef4eabf64ca124"
    }
  ]
},
{
  "_id": {
    "$oid": "671d78e701b121ece1f98917"
  },
  "skill": {
    "$oid": "671d621f2c9169f3675c3780"
  },
  "title": "Advanced JavaScript Training",
  "description": "An intensive workshop on advanced JavaScript concepts, including closures, async programming, and memory optimization.",
  "startdate": {
    "$date": "2024-12-14T08:00:00.000Z"
  },
  "enddate": {
    "$date": "2024-12-14T17:00:00.000Z"
  },
  "participants": [
    {
      "$oid": "671d7522adef4eabf64ca126"
    },
    {
      "$oid": "671d750aadef4eabf64ca124"
    }
  ]
},
{
  "_id": {
    "$oid": "671d78ed01b121ece1f98919"
  },
  "skill": {
    "$oid": "671d621f2c9169f3675c3780"
  },
  "title": "Advanced JavaScript Training",
  "description": "An intensive workshop on advanced JavaScript concepts, including closures, async programming, and memory optimization.",
  "startdate": {
    "$date": "2024-12-15T08:00:00.000Z"
  },
  "enddate": {
    "$date": "2024-12-15T17:00:00.000Z"
  },
  "participants": [
    {
      "$oid": "671d7522adef4eabf64ca126"
    },
    {
      "$oid": "671d750aadef4eabf64ca124"
    }
  ]
},
{
  "_id": {
    "$oid": "671d78fa01b121ece1f9891b"
  },
  "skill": {
    "$oid": "671d621f2c9169f3675c3780"
  },
  "title": "Advanced JavaScript",
  "description": "An intensive workshop on advanced JavaScript concepts, including closures, async programming, and memory optimization.",
  "startdate": {
    "$date": "2024-10-01T08:00:00.000Z"
  },
  "enddate": {
    "$date": "2024-10-01T17:00:00.000Z"
  },
  "participants": [
    {
      "$oid": "671d75efadef4eabf64ca13b"
    },
    {
      "$oid": "671d75dbadef4eabf64ca139"
    },
    {
      "$oid": "671d75ceadef4eabf64ca137"
    },
    {
      "$oid": "671d75bfadef4eabf64ca135"
    }
  ]
}]